{
    "Heating Load": {
        "MAE": 2.059062207364533,
        "RMSE": 2.872295759280084,
        "R2": 0.9208485055807412
    },
    "Cooling Load": {
        "MAE": 2.1805119086253515,
        "RMSE": 3.119754933464352,
        "R2": 0.89495833056301
    }
}